Address,Consumer_Id,Contact_No,consumption_type,first_name,last_name,meter_no,password,region_id
0840 Declaration Terrace,1,5993359028,3,Yard,Pieper,1204032303,d3e6f5927c13ff26d3701bbafda38f7a,4
81620 Welch Way,2,7245686478,3,Dorthy,Trippett,1203032293,d3e6f5927c13ff26d3701bbafda38f7a,3
7 Porter Plaza,3,2029015631,1,Konstance,Lapwood,1204012296,d3e6f5927c13ff26d3701bbafda38f7a,4
2 Welch Parkway,4,8038328117,2,Isaac,Winear,1203022285,d3e6f5927c13ff26d3701bbafda38f7a,3
84 Straubel Pass,5,7923766526,2,Gavin,Josskoviz,1201022261,d3e6f5927c13ff26d3701bbafda38f7a,1
4159 Roth Road,6,4239585007,2,Marni,Gerhartz,1201022262,d3e6f5927c13ff26d3701bbafda38f7a,1
21584 Bashford Trail,7,5124369296,1,Kathryne,McCaw,1204012297,d3e6f5927c13ff26d3701bbafda38f7a,4
3054 Drewry Road,8,6077058486,1,Arlyne,McShirrie,1201012255,d3e6f5927c13ff26d3701bbafda38f7a,1
8666 Blackbird Junction,9,5109876231,2,Ruy,Chelam,1202022275,d3e6f5927c13ff26d3701bbafda38f7a,2
00 Namekagon Crossing,10,7468096298,1,Luz,Inde,1203012283,d3e6f5927c13ff26d3701bbafda38f7a,3
69693 Gina Plaza,11,9142956713,3,Todd,Boote,1203032294,d3e6f5927c13ff26d3701bbafda38f7a,3
29207 Union Place,12,1785177784,3,Cherin,Diamant,1204032304,d3e6f5927c13ff26d3701bbafda38f7a,4
92 Pawling Plaza,13,2363890982,1,Chickie,Fletham,1203012284,d3e6f5927c13ff26d3701bbafda38f7a,3
3 7th Terrace,14,8529845548,1,Tanney,Paal,1202012270,d3e6f5927c13ff26d3701bbafda38f7a,2
064 Schiller Center,15,3823938666,2,Kacy,Mowling,1203022286,d3e6f5927c13ff26d3701bbafda38f7a,3
7 American Ash Place,16,7548531876,2,Trudey,Chung,1203022287,d3e6f5927c13ff26d3701bbafda38f7a,3
50318 Montana Place,17,8346993992,1,Avie,Ellissen,1201012256,d3e6f5927c13ff26d3701bbafda38f7a,1
843 Clove Junction,18,1396000277,2,Brenden,Osinin,1203022288,d3e6f5927c13ff26d3701bbafda38f7a,3
0 Talmadge Avenue,19,4296423117,3,Dana,Domingues,1202032281,d3e6f5927c13ff26d3701bbafda38f7a,2
25160 Bunting Junction,20,3796721168,1,Gretal,Daish,1202012271,d3e6f5927c13ff26d3701bbafda38f7a,2
6 Pankratz Parkway,21,4734777098,1,Bernardina,Long,1201012257,d3e6f5927c13ff26d3701bbafda38f7a,1
939 Fair Oaks Street,22,9068200416,3,Lynnea,Philippon,1201032265,d3e6f5927c13ff26d3701bbafda38f7a,1
971 Harbort Avenue,23,1363661089,1,Nicky,Ritchman,1201012258,d3e6f5927c13ff26d3701bbafda38f7a,1
2713 Roth Pass,24,5572752518,3,Sidney,Lagneaux,1202032282,d3e6f5927c13ff26d3701bbafda38f7a,2
611 Bashford Avenue,25,1231835396,2,Aluin,Sparrowe,1202022276,d3e6f5927c13ff26d3701bbafda38f7a,2
9 Union Terrace,26,3511944259,2,Cornelle,McGrowther,1202022277,d3e6f5927c13ff26d3701bbafda38f7a,2
3310 Bay Pass,27,5836246691,2,Sophi,Shaddock,1203022289,d3e6f5927c13ff26d3701bbafda38f7a,3
8505 Hudson Road,28,7308069344,2,Sandy,Frickey,1204022298,d3e6f5927c13ff26d3701bbafda38f7a,4
366 Eastwood Parkway,29,3778427069,2,Marietta,Mottini,1203022290,d3e6f5927c13ff26d3701bbafda38f7a,3
7815 Kensington Crossing,30,1118488980,1,Poul,Kerfod,1202012272,d3e6f5927c13ff26d3701bbafda38f7a,2
2234 Waxwing Junction,31,1004377965,2,Millard,Lomb,1201022263,d3e6f5927c13ff26d3701bbafda38f7a,1
6 Lunder Street,32,1072775336,2,Roobbie,Petry,1204022299,d3e6f5927c13ff26d3701bbafda38f7a,4
92298 Corben Place,33,8617465859,2,Emelen,Broschke,1202022278,d3e6f5927c13ff26d3701bbafda38f7a,2
62452 Sommers Parkway,34,8187838129,1,Rozamond,Marcu,1201012259,d3e6f5927c13ff26d3701bbafda38f7a,1
15721 Pepper Wood Place,35,9569325760,2,Carl,Norcop,1202022279,d3e6f5927c13ff26d3701bbafda38f7a,2
89146 Stang Alley,36,5327047905,2,Gradeigh,Fossick,1201022264,d3e6f5927c13ff26d3701bbafda38f7a,1
9259 Memorial Park,37,8902869879,1,Jessee,Northedge,1201012260,d3e6f5927c13ff26d3701bbafda38f7a,1
38051 Kennedy Trail,38,6006238091,3,Breena,Harefoot,1201032266,d3e6f5927c13ff26d3701bbafda38f7a,1
76881 Toban Court,39,3202056554,2,Theodosia,Cumberpatch,1204022300,d3e6f5927c13ff26d3701bbafda38f7a,4
71 Kenwood Drive,40,5489774334,1,Romy,Buttress,1202012273,d3e6f5927c13ff26d3701bbafda38f7a,2
4927 Morningstar Avenue,41,4295421420,3,Karia,Ternent,1201032267,d3e6f5927c13ff26d3701bbafda38f7a,1
1525 Sachs Alley,42,7769421588,2,Alanah,Blaasch,1202022280,d3e6f5927c13ff26d3701bbafda38f7a,2
998 Dwight Trail,43,3352996163,3,Dianne,Plampeyn,1201032268,d3e6f5927c13ff26d3701bbafda38f7a,1
18 Norway Maple Place,44,5882251913,1,Meggie,Shimman,1202012274,d3e6f5927c13ff26d3701bbafda38f7a,2
85 Schlimgen Junction,45,9479096529,3,Jarrett,Spon,1201032269,d3e6f5927c13ff26d3701bbafda38f7a,1
48428 Maryland Terrace,46,9881491199,2,Nelie,Zylberdik,1203022291,d3e6f5927c13ff26d3701bbafda38f7a,3
90 Canary Parkway,47,5069055007,2,Carmine,Milksop,1204022301,d3e6f5927c13ff26d3701bbafda38f7a,4
767 Pond Street,48,3055516177,2,Artur,Walenta,1203022292,d3e6f5927c13ff26d3701bbafda38f7a,3
2 Longview Pass,49,7391528316,3,Rubi,Pren,1203032295,d3e6f5927c13ff26d3701bbafda38f7a,3
85 Toban Court,50,1576492004,2,Diana,Danelutti,1204022302,d3e6f5927c13ff26d3701bbafda38f7a,4
"",,,,,,,,
